<?xml version="1.0" encoding="UTF-8" ?>
<x:xmpmeta xmlns:x="adobe:ns:meta/">
    <rdf:RDF xmlns:rdf="http://www.w3.org/1999/02/22-rdf-syntax-ns#">
        <rdf:Description rdf:about="" xmlns="http://namespace.corel.com/Cdr/metadata">
            <FontsUsed>
                <rdf:Bag />
            </FontsUsed>
            <CoreVersion>1600</CoreVersion>
            <Keywords />
            <Notes />
            <Author>1</Author>
            <Subject />
            <Copyright />
            <Revision>6</Revision>
            <LastAuthor>Админко</LastAuthor>
            <Sided />
            <Folds />
            <Type />
            <Industry />
            <ProductId>0</ProductId>
            <ProductName>CorelDRAW X7</ProductName>
            <AppVersion>1720</AppVersion>
            <BuildNumber>688</BuildNumber>
            <Platform>0</Platform>
            <Locale>1049</Locale>
            <RiffCompressionRatio>0</RiffCompressionRatio>
            <EmbeddedOleObjects>0</EmbeddedOleObjects>
            <FontsEmbedded>0</FontsEmbedded>
            <Language>1049</Language>
            <DocID>76997de3-69db-483a-bc6d-d23260df8221</DocID>
            <NumPages>8</NumPages>
            <NumLayers>1</NumLayers>
            <PageWidth>2970000</PageWidth>
            <PageHeight>2100000</PageHeight>
            <PageDimensions>297 x 210 мм</PageDimensions>
            <PageSizeName>A4</PageSizeName>
            <PageOrientation>2</PageOrientation>
            <ResolutionX>300</ResolutionX>
            <ResolutionY>300</ResolutionY>
            <Effects>
                <Perspective>0</Perspective>
                <Envelope>0</Envelope>
                <DropShadow>0</DropShadow>
                <Blend>0</Blend>
                <Extrude>0</Extrude>
                <Bevel>0</Bevel>
                <Contour>0</Contour>
                <PowerClip>0</PowerClip>
                <Clone>0</Clone>
                <Lens>0</Lens>
                <Transparency>0</Transparency>
                <Distortion>0</Distortion>
            </Effects>
            <Objects>
                <Total>118</Total>
                <Group>23</Group>
                <Curve>111</Curve>
                <Rect>7</Rect>
                <Bitmap>0</Bitmap>
                <Ellipse>0</Ellipse>
                <MeshFill>0</MeshFill>
                <Polygon>0</Polygon>
                <OLE>
                    <Linked>0</Linked>
                    <Embedded>0</Embedded>
                </OLE>
                <Guideline>7</Guideline>
                <Symbol>
                    <Definitions>0</Definitions>
                    <Instances>0</Instances>
                </Symbol>
                <Text>0</Text>
            </Objects>
            <CurveInfo>
                <Subpaths>224</Subpaths>
                <Nodes>56622</Nodes>
                <MaxNodes>1325</MaxNodes>
            </CurveInfo>
            <BitmapInfo>
                <Types>
                    <rdf:Bag />
                </Types>
                <LinkPaths>
                    <rdf:Bag />
                </LinkPaths>
            </BitmapInfo>
            <TextInfo>
                <ParagraphText>0</ParagraphText>
                <ArtisticText>0</ArtisticText>
                <Frames>0</Frames>
                <EmptyFrames>0</EmptyFrames>
                <Paragraphs>0</Paragraphs>
                <Lines>0</Lines>
                <Words>0</Words>
                <Characters>0</Characters>
                <DocFormatterId>1700</DocFormatterId>
                <Languages>
                    <rdf:Bag />
                </Languages>
            </TextInfo>
            <Styles>
                <rdf:Bag />
            </Styles>
            <Fills>
                <None>0</None>
                <Uniform>118</Uniform>
                <Fountain>0</Fountain>
                <Texture>0</Texture>
                <Postscript>0</Postscript>
                <Hatch>0</Hatch>
                <Pattern>0</Pattern>
                <Colors>
                    <rdf:Bag>
                        <rdf:li>CMYK</rdf:li>
                        <rdf:li>CMYK255</rdf:li>
                        <rdf:li>RGB</rdf:li>
                    </rdf:Bag>
                </Colors>
                <Palettes>
                    <rdf:Bag>
                        <rdf:li>Палитра CMYK по умолчанию</rdf:li>
                    </rdf:Bag>
                </Palettes>
                <SpotColors>
                    <rdf:Bag />
                </SpotColors>
            </Fills>
            <Outlines>
                <None>111</None>
                <Solid>7</Solid>
                <Dashed>0</Dashed>
                <Enhanced>0</Enhanced>
                <BehindFill>0</BehindFill>
                <ScalePen>0</ScalePen>
                <Hairline>0</Hairline>
                <Colors>
                    <rdf:Bag>
                        <rdf:li>CMYK255</rdf:li>
                    </rdf:Bag>
                </Colors>
                <Palettes>
                    <rdf:Bag>
                        <rdf:li>Палитра CMYK по умолчанию</rdf:li>
                    </rdf:Bag>
                </Palettes>
                <SpotColors>
                    <rdf:Bag />
                </SpotColors>
            </Outlines>
            <ClipRect bottom="-1065381" left="-1505381" right="1505381" top="1065381" />
            <Color>
                <Profiles>
                    <Rgb>
                        <Name>sRGB IEC61966-2.1</Name>
                    </Rgb>
                    <Cmyk>
                        <Name>ISO Coated v2 (ECI)</Name>
                    </Cmyk>
                    <Grayscale>
                        <Name>Dot Gain 15%</Name>
                    </Grayscale>
                </Profiles>
            </Color>
            <colorMode>1</colorMode>
            <renderingIntent>1</renderingIntent>
            <Properties />
        </rdf:Description>
    </rdf:RDF>
</x:xmpmeta>
