<?xml version="1.0"?>
<palette guid="3dc9a6d8-d801-4199-a43e-5928732ddb69" name="Палитра документа"><colors><page><color cs="RGB" name="R1 G1 B1" tints="0.00392157,0.00392157,0.00392157"/><color cs="CMYK" name="Черный" tints="0,0,0,1"/><color cs="CMYK" name="70% Черный" tints="0,0,0,0.7"/><color cs="CMYK" name="Белый" tints="0,0,0,0"/><color cs="CMYK" name="Красный" tints="0,1,1,0"/><color cs="CMYK" name="30% Черный" tints="0,0,0,0.3"/><color cs="CMYK" name="40% Черный" tints="0,0,0,0.4"/></page></colors></palette>
